moins,less
plus,less
moins que,less than
plus que,more than
le meilleur,the best
meilleur,better
grave,good
le pire,the worst
pire,worse
mauvais,bad
le mieux,the best
mieux,better
bien,well
le plus mal,the worst
plus mal,worse
mal,badly
le plus,the most
plus,more
beaucoup,a lot
le moins,the least
moins,less
peu,a little
à cause de,because of
à part,except for
alors,so
aussi,also
car,because
cependant,however
c'est-à-dire,that is to say
comme,like
de l'autre côté,on the other hand
d'un côté,on the one hand,on one hand
donc,so
ensuite,then,afterwards,next
évidemment,obviously
et,and
mais,but
même si,even if
ou,or
parce que,because
par contre,on the other hand
par exemple,for example
pendant que,whilst
pourtant,nevertheless
puis,then
puisque,as,since
quand,when
sans doute,no doubt
si,if
y compris,including
à,at
à côté de,next to
à travers,across
au bord de,at the side of
au bout de,at the end of
au-dessous de,below
au-dessus de,above
au fond de,at the bottom of
au lieu de,instead of
au milieu de,in the middle of
autour de,around
avec,with
contre,against
dans,in
de,of
depuis,since
derrière,behind
devant,in front of
en,in,at
en dehors de,outside
en face de,opposite
entre,between
jusqu'à,until
malgré,in spite of
parmi,among
pour,for
près de,near to
sans,without
selon,according to
vers,towards
ne...jamais,never
ne...pas,not
ne...personne,no-one
ne...plus,no more,not any longer,no longer
ne...que,only
ne...rien,nothing
ni...ni...,neither,nor
pas encore,not yet
premier/première,first
deuxième,second
troisième,third
quatrième,fourth
cinquième,fifth
sixième,sixth
septième,seventh
huitième,eighth
neuvième,ninth
dixième,tenth
dizaine,ten ,about ten
douzaine,dozen
nombre de,number of
combien?,how many,how much
comment?,how?

où?,where?
pourquoi?,why?
quand?,when?
que?,what?
quel/quelle?,which?
qu'est-ce que?,what?
qu'est-ce qui?,what?
qu'est-ce que c'est?,what is it?
qui?,who?
quoi?,what?
A quelle heure?,At what time?
Ça s'écrit comment?,How do you spell it?
C'est combien?,How much is it?
C'est quelle date?,What is the date?
C'est quel jour?,What day is it?
De quelle couleur?,Which colour?
D'où?,Where from?
Où ça?,Whereabouts?
Où est ...?,Where is ...?
Pour combien de temps?,For how long?
Que veut dire ...?,What does ... mean?
Quelle heure est-il?,What time is it?
à bientôt,see you soon
à demain,see you tomorrow
à tout à l'heure,see you later
allô,hello 
amitiés,kind regards
au revoir,goodbye
au secours!,help!
bien sûr,of course
bienvenue!,welcome!
bonjour,hello
bon anniversaire!,happy birthday!
bon appétit,enjoy your meal
bon voyage,have a good trip
bonne année!,happy new year!
bonne chance!,good luck!
bonne idée!,good idea!
bonne nuit,good night
bonnes vacances,have a good holiday
bonsoir,good evening
bravo!,well done!
ça va?,are you alright?
ça va,I'm fine
d'accord,alright,OK
de rien,don't mention it,you're welcome
désolé,sorry
s'excuser,to apologise
excusez-moi,excuse me
félicitations!,congratulations!
joyeux Noël!,happy Christmas!
meilleurs voeux,best wishes
merci,thank you
non,no
oui,yes
pardon,sorry,excuse me
quel dommage,what a shame
salut,hi
santé!,cheers!
s'il te/vous plaît,please
à mon avis,in my opinion
absolument,absolutely
affreux,awful
agréable,pleasant
aimer,to like,to love
amusant,fun
barbant,boring
bien,good
bien entendu,of course
bon,good,right
ça dépend,it depends
ça m'énerve,it annoys me
ça me fait rire,it makes me laugh
ça me plaît,I like it
ça m'est égal,I don't mind
ça ne me dit rien,it doesn't interest me
ça suffit,that's enough
casse-pieds,pain in the neck
cher,expensive
chouette,super ,great
comique,funny,comical
comme ci comme ça,so-so
compliqué,complicated
content,happy
croire,to believe

désagréable,unpleasant
désirer,to wish,to desire
détester,to hate
difficile,hard,difficult
dire,to say
drôle,funny
embêtant,annoying
en général,in general
enchanté,delighted
ennuyeux,boring
espérer,to hope
étonné,surprised
facile,easy
faible,weak
fantastique,fantastic
formidable,great
franchement,really,frankly
généralement,generally
génial,great
grave,serious
intéressant,interesting
s'intéresser à,to be interested in
inutile,useless
incroyable,unbelievable
inquiet,worried
joyeux,happy
marrant,funny
marre (en avoir ...),to be fed up
mauvais,bad
merveilleux,wonderful
mignon,cute
moche,ugly
moderne,modern
moi non plus,me neither
nouveau,new
nul,lousy,stupid,rubbish
optimiste,optimistic
passionnant,exciting,fascinating
penser,to think
pessimiste,pessimistic
peut-être,maybe
populaire,popular
positif,positive
pratique,useful,handy
préférer,to prefer
promettre,to promise
regretter,to regret
ridicule,ridiculous
rigolo,funny
sembler,to seem like
sensass,sensational
simple,simple
splendide,splendid
stupide,stupid
supporter,to put up with,to bear
superbe,superb
utile,useful
vouloir,to want
zut!,damn!
lundi,Monday
mardi,Tuesday
mercredi,Wednesday
jeudi,Thursday
vendredi,Friday
samedi,Saturday
dimanche,Sunday
printemps,spring
été,summer
automne,autumn
hiver,winter
janvier,January
février,February
mars,March
avril,April
mai,May
juin,June
juillet,July
août,August
septembre,September
octobre,October
novembre,November
décembre,December
demi,half
environ,about,around
l'heure (f),hour
midi,midday
minuit,midnight
la minute,minute
moins,less
quart,quarter
la seconde,second
à la fois,at the same time
à l'avenir,in the future
à l'heure,on time
à temps partiel,part-time
an,year
année,year
après,after
après-demain,day after tomorrow
après-midi,afternoon
aujourd'hui,today
auparavant,before,previously
avant,before
avant-hier,day before yesterday
bientôt,soon
d'abord,first
dans une minute,in a minute
d'habitude,usually
de bonne heure,early
début,start,beginning
demain,tomorrow
dernier,last
de temps en temps,from time to time
déjà,already
de nouveau,again
en attendant,whilst waiting for
en avance,in advance,early
en retard,late
en train de,in the middle of
en même temps,at the same time
encore une fois,one more time,once again
enfin,at last
fin,end
hier,yesterday
il y a,ago
jour,day
journée,day
lendemain,next day
longtemps,a long time
maintenant,now
matin,morning
mois,month
en ce moment,at the moment
normalement,normally
nuit,night
parfois,sometimes
passé,past
pendant,during
plus tard,later
presque,almost
prochain,next
quelquefois,sometimes
rarement,rarely
récemment,recently
semaine,week
seulement,only
siècle,century
soir,evening
soudain,suddenly
souvent,often
suivant,following
sur le point de,just about to
tard,late
tôt,early
toujours,always
tous les jours,every day
tout à coup,suddenly
tout de suite,straight away
vite,quickly,fast
week-end,weekend
droite,right
gauche,left
banlieue,suburb
centre-ville,town centre,city centre
campagne,countryside
chez moi,at my house
de chaque côté,on every side
de l'autre côté,on the other side
en bas,downstairs,at the bottom
en haut,upstairs,at the top
est,east
ici,here
kilomètre,kilometre
là,there
là-bas,over there
loin de,far from
nord,north
nulle part,nowhere
ouest,west
par,by
partout,everywhere
quelque part,somewhere
situé,situated,located
sud,south
tout droit,straight ahead
tout près,very near
toutes directions,all directions
ville,town
blanc,white
bleu,blue
blond,blond
brun,brown
clair,light
foncé,dark
gris,grey
jaune,yellow
marron,brown
noir,black
pourpre,crimson
rose,pink
rouge,red
roux,ginger,red
vert,green
assez,quite
bas,low
beaucoup,a lot
boîte,box,tin
bouteille,bottle
centimètre,centimetre
court,short
demi,half
encore de,more of
étroit,narrow,tight
gramme,gram
grand,big,tall
gros,big,fat
haut,high
kilo,kilo
large,wide ,loose-fitting
litre,litre
maigre,thin,skinny
mesurer,to measure
mètre,metre
mince,slim
moitié,half
morceau,bit,piece
moyen,medium
nombre,number
paquet,packet
pas mal de,quite a lot of
peser,to weigh
petit,small
peu,a small amount
plein de,a lot of
pointure,size
rien,nothing
suffisamment,sufficient,enough of
taille,height,size
tranche,slice
très,very
trop,too much
carré,square
la hauteur,height
rond,round
averse,rain,shower,showers
briller,to shine
brouillard,fog
chaleur,heat
chaud,hot
ciel,sky
climat,climate
couvert,overcast
degré,degree
doux,mild
éclair,lightning
éclaircie,sunny interval
ensoleillé,sunny
faire beau,to be good weather
faire mauvais,to be bad weather
froid,cold
geler,to freeze
glace,ice
humide,humid
météo,weather forecast
mouillé,wet
neige,snow
neiger,to snow
nuage,cloud
nuageux,cloudy
ombre,shadow,shade
orage,thunderstorm
orageux,stormy
pleuvoir,to rain
pluie,rain
sec,dry
soleil,sun
température,temperature
tempête,storm
temps,weather
tonnerre,thunder
tremper,to soak
vent,wind
complet,full
entrée libre,open (without obligation to buy)
fermé,closed
fermer,to close
interdit,forbidden
occupé,engaged,busy
ouvert,open
ouvrir,to open
sortie la,exit
avoir raison,to be right
avoir tort,to be wrong
corriger,to correct
erreur,error,mistake
faute la,mistake,fault
faux,wrong,fale
il (me) faut,(I) need
juste,fair,right
nécessaire,necessary
obligatoire,compulsory
parfait,perfect
sûr,sure
se tromper,to be wrong
vrai,TRUE
l' argent (m),silver
le béton,concrete
le bois,wood
la brique,brick
le carton,cardboard
le coton,cotton
le cuir,leather
le fer,iron
la laine,wool
le métal,metal
l' or (m),gold
le papier,paper
le plastique,plastic
la soie,silk
le verre,glass
le CDI (centre de documentation et d'information),school library,information centre
le CES (collège d'enseignement secondaire),secondary school
l' EMT (éducation manuelle et technique) (f),DT,design technology,design and technology
l' EPS (éducation physique et sportive) (f),PE ,physical education
l' HLM (habitation à loyer modéré) (f),council housing
le SAMU (service d'aide médicale d'urgence),emergency medical service
le SDF (sans domicile fixe),homeless person
la SNCF (société nationale des chemins de fer français),French national railway company
le TGV (train à grande vitesse),fast train
la TVA (taxe sur la valeur ajoutée),VAT,value added tax
le VTT (vélo tout terrain),mountain bike
l' abricot (m),apricot
aider,to help
l' alcool (m),alcohol
l' alimentation (f),food,dier
aller bien,to be well
aller mieux,to feel better
(s')arrêter,to stop
la baguette,French stick,baguette
la banane,banana
le beurre,butter
la bière,beer
le bifteck,steak
le biscuit,biscuit
le boeuf,beef
boire,to drink
le bol,bowl
le bonbon,sweet
le café,coffee
la carotte,carrot
les céréales (f),cereals
la cerise,cherry
le champignon,mushroom
les chips (m),crisps
le chocolat,chocolate
le chocolat chaud,hot chocolate
la chose,thing
le chou,cabbage
le chou-fleur,cauliflower
le cidre,cider
le citron,lemon
le coca,coke
le coeur,heart
le comprimé,tablet
la confiture,jam
le couteau,knife
la crème solaire,suncream,sun cream
la crêpe,pancake
le croissant,croissant
la cuillère,spoon
la cuisine,kitchen,cooking,cookery
dangereux,dangerous
le déjeuner,lunch
délicieux,delicious
le dîner,dinner
la drogue,drugs
se droguer,to take drugs
l' eau (f),water
l' eau minérale (f),mineral water
l'eau non potable,not drinking water
l' eau potable (f),drinking water
en bonne forme,in good shape
en bonne santé,in good health
l' envie (f) (avoir envie de),craving (to feel like)
équilibré,balanced
la faim,hunger
fatigant,tiring
fatigué,tired
fort,strong
la fourchette,fork
frais,fresh
la fraise,strawberry
la framboise,raspberry
les frites (f),chips
le fromage,cheese
les fruits de mer (m),seafood
fumer,to smoke

le gâteau,cake
le goût,taste
goûter,to taste
gras,fat
l' habitude (f),habit
le haricot vert,green bean
l' hôpital (m),hospital
l' hors-d'oeuvre (m),hors-d'oeuvre,starter
l' huile (f),oil
(s')inquiéter,to worry
le jambon,ham
le jus d'orange,orange juice
le jus de fruit,fruit juice
le lait,milk
le légume,vegetable
la limonade,lemonade
la liste,list
avoir mal,to be in pain
malade,ill
la maladie,illness
manger,to eat
le médecin,doctor
le médicament,medication
la nourriture,food
l' obésité (f),obesity
l' odeur (f),smell,odour
l' oeuf (m),egg
ordinaire,ordinary
le pain,bread
paresseux,lazy
le pâté,pâté
les pâtes (f),pasta
la pêche,peach
le petit déjeuner,breakfast
les petits pois (m),peas
la peur,fear
plein,full
la poire,pear
le poisson,fish
le poivre,pepper
la pomme,apple
la pomme de terre,potato
le porc,pork
le poulet,chicken
prendre,to take
le raisin,raisin
le régime,diet
se relaxer,to relax
le repas,meal
rester,to stay
le riz,rice
rôti,roast
sain,healthy
la salade,salad
sans,without
la santé,health
la saucisse,sausage

sauf,except
le sel,salt
se sentir,to feel
la soif,thirst
la soupe,soup
la spécialité,speciality
sucré,sweet
le sucre,sugar
surtout,especially
le tabac,tobacco
la tarte,tart,pie
le thé,tea
la tomate,tomato
tomber,to fall
tousser,to cough
la vanille,vanilla
végétarien,vegetarian
le verre,glass
la viande,meat
vide,empty
le vin,wine
la vitamine,vitamin
vivre,to live
le yaourt,yoghurt
l' adresse (f),address
l' adulte (m/f),adult
l' âge (m),age
aimable,kind ,likeable
aîné,older
l' ami/e (m/f),friend
amical,friendly
l' amour (m),love
l' anniversaire (m),birthday
l' annonce (f),announcement,advert
s'appeler,to be called
attendre,to wait
avoir seize ans,to be 16 years old,to be 16,to be sixteen
la barbe,beard
battre,to fight
bavard,chatty
bavarder,to chat
beau/belle,beautiful
le beau-frère,brother-in-law
le beau-père,father-in-law,stepfather
le bébé,baby
la belle-mère,mother-in-law,stepmother
la belle-soeur,sister-in-law
bête,silly,stupid
bouclé,curly
la carte d'identité,identity card
célèbre,famous
le chat,cat
cher,expensive,dear
le cheval,horse
les cheveux (m),hair
le chien,dog
le chômage,unemployment
le cochon d'Inde,guinea pig
connaître,to know someone
contribuer,to contribute


critiquer,to criticise
la dame,lady
la date de naissance,date of birth
le demi-frère,stepbrother,half-brother,half brother
la demi-soeur,stepsister,half-sister,half sister
se disputer,to argue
divorcé,divorced
écrire,to write
égoïste,selfish
l' enfant (m/f),child
s'entendre (avec),to get on (with)
fâché,angry
la famille,family

la fille,girl ,daughter
le fils,son
le frère,brother
le garçon,boy
les gens (m),people
gentil,kind,nice
la grand-mère,grandmother
le grand-père,grandfather
les grands-parents (m),grandparents
s'habituer à,to get used to
hésiter,to hesitate
heureux,happy
l' homme (m),man
l' identité (f),identity
il s'agit de,it's about,it concerns,it is about
jeune,young
joli,pretty
le lapin,rabbit
le lieu,place
loger,to stay,to live
les lunettes de soleil (f),sunglasses
madame,madam,mrs
mademoiselle,young lady,miss
malheureux,unhappy
la maman,mum
le mari,husband
marié,married
(se) marier,to get married
méchant,nasty,naughty
la mère,mother
monsieur,sir,mr 
la mort,death
la naissance,birth
la nationalité,nationality
né,born
le nez,nose
le nom (de famille),surname
l' oiseau (m),bird
l' oncle (m),uncle
le papa,dad
les parents (m),parents

le passeport,passport
pauvre,poor
le père,father
la personnalité,personality
la personne,person
les personnes défavorisées (f),disadvantaged people
le petit ami,boyfriend
la petite amie,girlfriend
pleurer,to cry
le poisson rouge,goldfish
poli,polite
porter,to wear
le prénom,first name
les rapports (m),relationships
refuser,to refuse
religieux,religious
remercier,to thank
le rendez-vous,meeting,appointment
respecter,to respect
la responsabilité,responsibility
riche,rich
rire,to laugh
sans travail,unemployed
la sécurité,safety,security
le sens de l'humour,sense of humour
séparé,separated
seul,alone
signer,to sign
la soeur,sister
le sondage,survey
sourire,to smile
la souris,mouse
sympa,nice
la tante,aunt
timide,shy
tranquille,quiet,calm,peaceful
triste,sad
le vandalisme,vandalism
la vérité,truth
vieux,old
le visage,face
le voisin,neighbour
accompagner,to accompany
l' achat (m),purchase
acheter,to buy
aller,to go
s'amuser,to have fun
à l'appareil (m),on the line,on the phone
l' appel (m),call
l' argent de poche (m),pocket money
l' avantage (m),advantage
le ballon,ball ,balloon
la bande dessinée,cartoon ,comic strip
la banque,bank
le basket,basketball
avoir besoin de,to need
le besoin,need
la bijouterie,jeweller's
le billet,ticket,banknote
le blouson,jacket
bon marché,cheap
la boucherie,butcher's
la boucle d'oreille,earring
la boulangerie,bakery
les boules (f),bowls
la boutique,boutique,shop
le cadeau,present
la caisse,checkout,till
la carte de crédit,credit card
la ceinture,belt
le centre commercial,shopping centre
le centre de sport,sports centre,sports center,leisure centre,leisure center
la chanson,song
chanter,to sing
le chanteur/la chanteuse,singer 

le chapeau,hat
la charcuterie,delicatessen,pork butcher
la chaussette,sock
la chaussure,shoe
la chemise,shirt
choisir,to choose
le choix,choice
le cinéma,cinema
le clavier,keyboard
le client,client
cliquer,to click
le coiffeur/la coiffeuse,hairdresser 

le coin,corner,area
la comédie,comedy
le concours,competition
la confiserie,sweet shop
la couleur,colour
courir,to run
la cravate,tie
le cyclisme,cycling
danser,to dance
démodé,old-fashioned,oldfashioned,old fashioned
dépenser,to spend
le désavantage,disadvantage
le dessin animé,cartoon
le disque compact,compact disk,compact disc,CD
le documentaire,documentary
donner,to give
échanger,to exchange
l' écran (m),screen

ensemble,together
l' entrée (f),entrance
envoyer,to send
l' épicerie (f),grocer's shop,greengrocer,grocer
l' équipe (f),team
l' équitation (f),horse riding
essayer,to try
faire des économies,to save up

être fana de,to be a fan of
le/la fana ,fan
favori,favourite
le feuilleton,TV serial
le film d'aventures,adventure film,adventure movie
le film d'horreur,horror film,horror movie
le film de guerre,war film,war movie
le film de science-fiction,science-fiction film,science fiction film,scifi film,sci-fi film,science-fiction movie,science fiction movie,scifi movie,sci-fi movie
le film policier,detective film,detective movie
le film romantique,romantic film,romantic movie
gagner,to win
le gant,glove
gratuit,free
le groupe,group
la guitare,guitar
la gymnastique,gymnastics
l' hypermarché (m),hypermarket
l' idée (f),idea
l' imper(méable) (m),raincoat
l' inconvénient (m),disadvantage,drawback
le jean,jeans

le jeu vidéo,video game
jouer,to play
le jouet,toy
le journal,newspaper
la jupe,skirt
laisser,to leave
le lecteur DVD,DVD player
le lecteur MP3,mp3 player
la lecture,reading
la librairie,bookshop
libre,free 
lire,to read
la livre sterling,pounds sterling
le magasin,shop
le maillot de bain,swimming costume,swimsuit

le manteau,coat
le maquillage,make-up,makeup,make up

le marché,market
le membre,member
mettre de l'argent à côté,to put money aside

la monnaie,change
la montre,watch

nager,to swim
la natation,swimming
le numéro (de téléphone),(phone) number
l' orchestre (m),orchestra
l' ordinateur (m),computer
la paire,pair
le pantalon,trousers
le parapluie,umbrella
le parfum,perfume


le patin à roulettes,roller skating
le patinage,ice-skating
patiner,to ice-skate
la patinoire,ice rink
la pâtisserie,cake shop
la pêche,fishing
la pièce,play
le pique-nique,picnic
la piscine,swimming pool
la planche à voile,windsurfing
la poche,pocket

le portefeuille,wallet
le porte-monnaie,purse
la poste,post office
pousser,to push
le prix,price
se promener,to go for a walk

le pull,jumper
le pyjama,pyjamas
le rayon,department (in department store)

réduit,reduced

regarder,to watch
remplir,to fill
(se) rencontrer,to meet
rentrer,to go home
retourner,to go back
le risque,risk
la robe,dress
le rouge à lèvres,lipstick
le sac (à main),(hand)bag
la sandale,sandal
sauter,to jump

la série,series
le shampooing,shampoo
le short,shorts
le site (aller sur un site),(to go on a website)
le skate,skateboarding
le ski nautique,waterskiing
les soldes (m),sales
la sortie,exit
sortir,to go out
sous-titré,subtitled
le spectateur,spectator
sportif,sporty
les sports d'hiver (m),winter sports
les sports nautiques (m),water sports
le stade,stadium
le supermarché,supermarket
le surf,surfing
le surf de neige,snowboarding
surfer,to surf
la surprise-partie,party
le sweat(shirt),sweatshirt
taper,to type
la technologie,technology
la télé(vision),TV (television)
le temps libre,free time
le texto,text (message)
le théâtre,theatre
tirer,to pull
toucher,to touch
la valeur,value
la vedette,star
vendre,to sell
venir,to come

la veste,jacket
les vêtements (m),clothes
la vitrine,shop window
la voile,sailing
voir,to see
le volley,volleyball
l' addition (f),bill
l' aéroport (m),airport

l' agence de voyages (f),travel agent's
l' air (m) (en plein),air (outdoors)


l' aller retour (m),return (ticket)
l' aller simple (m),single (ticket)


(s')approcher,to approach
l' arrivée (f),arrival
l' ascenseur (m),lift
l' assiette (f),plate
l' Atlantique (m),the Atlantic
l' auberge de jeunesse (f),youth hostel

l' auto (f),car
l' autobus (m),bus
l' autoroute (f),motorway
l' aventure (f),adventure
l' avion (m),aeroplane
les bagages (m),luggage
se baigner,to swim
le bain,bath
le balcon,balcony
le bateau,boat

la boisson,drink
le bord de la mer,seaside
se bronzer,to get a sun tan
le bureau des renseignements,information office
le camion,lorry

le car,coach
la caravane,caravan
le carrefour,crossroads

la carte postale,postcard
casser,to break

le château,castle
le chauffeur,driver
chercher,to look for

la classe,class
la colonie de vacances,holiday camp
commander,to order
composter,to validate (a ticket,e.g. at railway station)
compris,included
conduire,to drive
confirmer,to confirm
le confort,comfort
la consigne,left luggage lockers
la côte,coast
coûter,to cost
la demi-pension,half-board
le départ,departure
la différence,difference
différent,different
le dortoir,dormitory
la douane,customs
la douche,shower
Douvres,Dover
le drapeau,flag
durer,to last

Edimbourg,Edinburgh
l' employé(e) (m/f),employee

l' endroit (m),place
l' entrée (f),entrance

les Etats-Unis (m),the United States
l' étoile (f),star
l' étranger (m) (à l'étranger),foreigner (abroad)
expliquer,to explain
les feux rouges (m),traffic lights
la gare,railway station
la gare routière,bus station
(se) garer,to park
le gîte,gîte


l' horaire (m),timetable
l' hôtel (m),hotel




le lac,lake
le lavabo,wash basin
lentement,slowly
la ligne,route
la location (de voitures),(car) rental
le logement,accommodation
le loisir,leisure activity
Londres,London

la Manche,the (English) Channel
marcher,to walk

la Méditerranée,Mediterranean
même,same

la mer,sea
se mettre en route,to set off
mixte,mixed
la mobylette,moped
le monde,world
la moto,motorbike
l' office du tourisme (m),tourist information office
partager,to share
partir,to leave
le passager,passenger
le passant,passer-by
le pays,country

le péage,(motorway) toll
le permis (de conduire),(driving) licence
la pièce d'identité,identity card
le pied (à ...),(on) foot
le piéton,pedestrian
la piste,lane (e.g. cycle lane)
la plage,beach
le plan de ville,town map
le plat (du jour),dish (of the day)
le plat principal,main course


le pourboire,tip
pressé,in a hurry
prêt,ready
le projet,project
la promenade (faire une promenade),walk (to go for a walk)
le quai,platform/quay
quitter,to leave
la randonnée,hike
rapide,quick
recommander,to recommend
la région,region
les renseignements (m),information



revenir,to come back
le rond-point,roundabout
la rue,street
le sable,sand
le sac de couchage,sleeping bag
la saison,season
la salle d'attente,waiting room
la salle de bains,bathroom
le savon,soap

sens interdit,no entry
sens unique,one way
le service compris,service included
servir,to serve
la sortie (de secours),(emergency) exit
le spectacle,show
la station service,service station
stationner,to park

suivre,to follow

le syndicat d'initiative,tourist information office
le tarif (réduit),(reduced) price
la tasse,cup
la tente,tent
le tourisme,tourism

tourner,to turn

les vacances (f),holidays
la valise,suitcase
le véhicule,vehicle

visiter,to visit
la voiture,car
le vol,flight
voler,to fly
le voyage,journey
voyager,to travel
le voyageur,traveller
vraiment,really
la vue (de mer),(sea) view
l' appartement (m),flat
l' arbre (m),tree
l' armoire (f),wardrobe
l' arrêt (m) (d'autobus),(bus) stop
s'asseoir,to sit down
le bâtiment,building
la bibliothèque,library
la boîte de nuit,nightclub
la boum,party
le bowling,bowling
le bruit,noise
le bureau,office
calme,calm/quiet
la cave,cellar
la chaise,chair
le champ,field
la clé,key
le club des jeunes,youth club
le code postal,post code
la colline,hill
le commissariat,police station
confortable,comfortable
se coucher,to go to bed
le couloir,corridor
la cuisinière,cooker
déménager,to move house

dormir,to sleep
l' église (f),church

l' escalier (m),stairs
l' espace (m),space

faire du babysitting,to babysit
faire du jardinage,to do gardening
faire le ménage,to do housework
faire la vaisselle,to wash up
la fenêtre,window
la ferme,farm

le feu,fire
la fleur,flower
le four (à micro-ondes),(microwave) oven
le frigo,fridge
garder,to keep

habiter,to live
historique,historical
l' hôtel de ville (m),town hall
l' île (f),island
l' immeuble (m),building
l' industrie (f),industry
industriel,industrial
le jardin,garden
le jardin public,park
la lampe,lamp
le lave-vaisselle,dishwasher
laver (la voiture),to wash (the car)
se laver,to have a wash
se lever,to get up
le lit,bed
la mairie,town hall


le métro,underground
mettre,to put (on)
le meuble,piece of furniture
le miroir,mirror
la montagne,mountain

montrer,to show
le mur,wall
le musée,museum
nettoyer,to clean
Noël,Christmas
le Nouvel An,New Year
Pâques,Easter
le parc,park
le parking,car park
la pelouse,lawn
la pièce,room
le placard,cupboard
la place,square (e.g. town square)
le plafond,ceiling
la plante,plant
le pont,bridge
la porte (d'entrée),(front) door
privé,private

le réveil,alarm clock
se réveiller,to wake up
le rez-de-chaussée,ground floor
le rideau,curtain
la rivière,river
la Saint-Valentin,Valentine's Day
la salle à manger,dining room
la salle de séjour,living room
le salon,lounge
la serviette,towel
le sous-sol,basement
le tableau,picture
le tapis,carpet
le téléphone,telephone
téléphoner,to phone
le terrain de camping,campsite
le terrain de sport,sports ground
la terrasse,terrace
le toit,roof
le trottoir,pavement
trouver,to find
se trouver,to be situated
l' usine (f),factory
la vache,cow
le vestibule,hall
la vie,life
la boîte (en carton),(cardboard) box
le centre de recyclage,recycling centre
la circulation,traffic
cultiver,to grow
les déchets (m),rubbish
l' environnement (m),environment
jeter,to throw (away)
le pétrole,oil

pollué,polluted
la poubelle,dustbin
le problème,problem
propre,clean
protéger,to protect
recyclable,recyclable
recycler,to recycle
le sac en plastique,plastic bag
sale,dirty
sans plomb,unleaded
sauver,to save
les transports en commun (m),public transport
la zone (piétonne),(pedestrian) zone

apprendre,to learn
l' apprenti/e (m/f),apprentice
l' apprentissage (m),apprenticeship
le bac,A-levels (French equivalent of)
la biologie,biology
le cahier,exercise book
la calculatrice,calculator
la carrière,career
la chimie,chemistry
le collège,secondary school

comprendre,to understand
copier,to copy
la cour,playground
le cours,lesson
le crayon,pencil

demander,to ask

dessiner,to draw
le détail,detail
détester,to hate
devoir,to have to
les devoirs (m),homework
le dictionnaire,dictionary

la difficulté,difficulty
le directeur,headmaster
la directrice,headmistress

le droit,right
l' échange (m),exchange

écouter,to listen
l' élève (m/f),pupil
l' emploi du temps (m),timetable
en première,in Year 12
en seconde,in Year 11
en sixième,in Year 7
en terminale,in Year 13
encourager,to encourage
les études (f),studies
l' étudiant/e (m/f),student
étudier,to study
l' examen (m),exam
l' exemple (m),example
facile,easy

finir,to finish
le français,French
la géographie,geography
l' histoire (f),history
l' informatique (f),ICT

I' instituteur (m),primary school teacher (male)
l' institutrice (f),primary school teacher (female)
le laboratoire,laboratory
la langue,language
la leçon,lesson
le livre,book

les math(s) (f),maths
les mathématiques (f),mathematics
la matière,subject
le mot,word
la note,mark
organiser,to organise
oublier,to forget

passer,to take (e.g. an exam)
la pause,break
penser,to think
perdre,to lose
la photocopie,photocopy
la physique,physics

pouvoir,to be able to,can

le professeur,teacher
la récréation,break


la rentrée,back to school
répéter,to repeat
répondre,to answer
la réponse,answer
le résultat,result
réviser,to revise
la salle de classe,classroom
savoir,to know

le stylo,pen
le tableau (blanc interactif),(interactive white)board
travailler,to work
travailleur,hard-working
le trimestre,term
l' uniforme (m),uniform
l' université (f),university
utiliser,to use
le vocabulaire,vocabulary
I' acteur (m),actor
l' actrice (f),actress
l' avenir (m),future
bien payé,well paid
la boîte aux lettres,postbox
le boucher,butcher
le boulanger,baker

le caissier,checkout operator (male)
la caissière,checkout operator (female)

certainement,most probably
le certificat,certificate


la conférence,lecture
décider,to decide
devenir,to become

le docteur,doctor
l' électricien (m),electrician
l' emploi (m),job
l' entreprise (f),company
l' enveloppe (f),envelope
l' épicier (m),grocer
le facteur,postman
le fermier,farmer
le formulaire,form
l' hôtesse de l'air (f),air hostess
l' infirmier (m),nurse (male)
l' infirmière (f),nurse (female)
l' ingénieur (m),engineer
la lettre,letter
livrer,to deliver
mal payé,badly paid
le mécanicien,mechanic
le musicien,musician

le patron,boss
le plombier,plumber
le policier,police officer
le programmeur,programmer

se rappeler,to remember
le rêve,dream
le salaire,salary

le serveur,waiter
la serveuse,waitress
le stage,training course
stage en entreprise,work experience
le technicien,technician
le timbre,stamp
le travail,work
varié,varied
le vendeur,shop assistant (male)
la vendeuse,shop assistant (female)
à la carte,à la carte (from the menu)
à peine,hardly
à point,medium rare
accro,addicted
l' activité physique (f),physical activity
l' agneau (m),lamb
l' ail (m),garlic
alcoolique,alcoholic (e.g. person)
alcoolisé,alcoholic (e.g. drink)
l' alcoolisme (m),alcoholism
l' alimentation saine (f),healthy diet
amer,bitter
l' ananas (m),pineapple
l' apéritif (m),aperitif

bien cuit,well cooked
le canard,duck
le casse-croûte,snack
la casserole,saucepan
le concombre,cucumber

la crevette,prawn
la crise cardiaque,heart attack
cru,raw
les crudités (f),assorted raw vegetables
dégoûtant,disgusting
la dégustation,tasting/enjoyment (of food)
désintoxiquer,to treat for alcoholism or drug addiction
se détendre,to relax
la douleur,pain
s'entraîner,to train (e.g. in a sport)
épais,thick
épicé,spicy
épuiser,to exhaust
l' escargot (m),snail
faire la grasse matinée,to have a lie in
la farine,flour
le foie,liver

hors d'haleine,out of breath
l' huître (f),oyster
ivre,drunk
la laitue,lettuce
les matières grasses (f),fat
mener,to lead
la noix,walnut
l' oignon (m),onion
l' ouvre-boîte (m),tin opener
le pamplemousse,grapefruit


le poumon,lung
la prune,plum
renoncer,to give up
reprendre connaissance,to regain consciousness
respirer,to breathe
le revendeur,dealer
saignant,rare (e.g. steak)


savoureux,tasty
le sommeil (avoir sommeil),sleep (to feel sleepy)
le tabagisme,addiction to smoking
le tire-bouchon,corkscrew

tuer,to kill

la veine,vein
le vinaigre,vinegar
voler,to steal
actif,active

agresser,to attack
l' alliance (f),wedding ring
animé,lively
l' attaque (f),attack
la bague,ring
baiser,kiss
la bande,group (e.g. of friends)
le bonheur,happiness
brutaliser,to ill-treat
cacher,to hide
le caractère,character
célibataire,single

chrétien,Christian
compréhensif,understanding

consacrer,to devote
le conseil,advice
coupable,guilty
de mauvaise humeur,in a bad mood

déçu,disappointed
déprimé,depressed
déranger,to disturb
la dette,debt
douter,to doubt
les droits de l'homme (m),human rights

égal,equal
l' égalité (f),equality
élégant,smart/elegant



envahir,to overcome
épouser,to marry
l' espoir (m),hope


étrange,strange
éviter,to avoid
les exclus (m/f),outcasts
féliciter,to congratulate
fêter,to celebrate
les fiançailles (f),engagement
fiancé,engaged
fier,proud
fou,mad

humilier,to humiliate
illégal,illegal
l' immigré (m),immigrant
inconnu,unknown
jaloux,jealous
la jeunesse,youth

juif,Jewish
le jumeau,twin (male)
la jumelle,twin (female)
laid,ugly
les libertés civiques (f),civil liberties
lutter,to fight

maladroit,clumsy
la manifestation,demonstration
menacer,to threaten
se mettre en colère,to get angry
monoparental,single-parent
le moral,moral
la mosquée,mosque
mourir,to die
musulman,Muslim
naître,to be born
nerveux,nervous
le neveu,nephew
la nièce,niece
les noces (f),wedding
la nostalgie,nostalgia
l' organisation caritative (f),charity
la pauvreté,poverty
la petite-fille,granddaughter
le petit-fils,grandson
se plaindre,to complain
plaire,to please
le plaisir,pleasure
la racaille,scum/low life
le racisme,racism
raide,straight (e.g. hair)
réaliser,to fulfil
reconnaissant,grateful
réfléchir,to think
le réfugié,refugee
la retraite (à la retraite),retirement (retired)
rêver,to dream
sans ressources,without means
les sans-abri (m/f),homeless people
le sentiment,feeling
se séparer,to separate (e.g. a couple)
le sida,AIDS

le témoin,witness
tomber amoureux de,to fall in love with
le travail bénévole,voluntary work
le veuf,widower
la veuve,widow
vif,lively
le vol,theft
le voyou,hooligan
les actualités (f),the news
l' alpinisme (m),mountaineering

anonyme,anonymous
l' antenne (f),aerial
le bijou,piece of jewellery
le bloggeur,blogger
la boîte aux lettres électronique (blé),email inbox
le bouton,button
le caméscope,camcorder
le canoë-kayak,canoeing
la chaîne,channel
le chariot,trolley
le chemisier,blouse
le commencement,beginning
le commerçant,shopkeeper
le comptoir,counter
la console de jeu,games console
contrôler,to check
le courrier électronique,email

le cybercafé,cyber café
déchirer,to tear

deviner,to guess

le distributeur automatique,cash machine
l' écharpe (f),scarf
les échecs (m),chess
l' écran tactile (m),touch screen
effacer,to delete
emballer,to wrap up

enregistrer,to record
l' escalade (f),rock climbing
être remboursé,to be refunded
faire du lèche-vitrine,to go window shopping
la fermeture (annuelle),(annual) closing
le feu d'artifice,fireworks
feuilleter,to flip through
les fléchettes (f),darts


la grille de sécurité,security gate
le gymnase,gymnasium
l' icône (f),icon
imprimer,to print
le jour férié,bank holiday

le libre-service,self-service
le lien,hyperlink
lourd,heavy
le magnétoscope,video recorder
marquer (un but),to score (a goal)
mettre en ligne,to line up

le moniteur,monitor
les mots croisés (m),crossword
la musculation (faire de la musculation),weight training (to work out)
la page d'accueil,home page
pédagogique,educational
le piercing (à l'oreille),(ear) piercing
la pile,battery
la planche de surf,surfboard
la platine laser,CD player
la plongée sous-marine,scuba diving
la poissonnerie,fish shop

la prise,socket
le pull à capuche,hooded top
quotidien,daily
la réclame (en réclame),advertisement (on special offer)
le reçu,receipt

remplacer,to replace
remporter (un prix),to win (a prize)
le réseau,network

la réunion,meeting

suggérer,to suggest
le tatouage,tattoo
télécharger,to download
le téléspectateur,TV viewer
la tournée,tour
le traitement de texte,word processing
l' aire de repos (f),rest area (on French motorway)
atterrir,to land
l' avis (m),opinion


la brasserie,brasserie (a type of restaurant)
le casque,helmet
la chambre d'hôte,bed and breakfast
le chemin de fer,railway
la climatisation,air conditioning
la correspondance,connection (on train journey)
la croisière,cruise
décoller,to take off
la déviation,diversion

doubler,to overtake
en provenance de,from
l' état (m),state
la frontière,border

le loyer,rent
manquer,to miss
la marée,tide
le niveau,level


le parc d'attractions,theme park
le passage à niveau,level crossing

ralentir,to slow down
remarquer,to notice
le routier,transport café
la station balnéaire,seaside resort
la station de ski,ski resort
la tour,trip
le trajet,journey
la traversée,crossing

appuyer,to press
l' arrondissement (m),district of a large city (Paris,Lyon or Marseilles)
le baptême,christening
le bricolage,DIY
bruyant,noisy

la couverture,blanket
donner sur,to look out onto
dur,hard
l' échelle (f),ladder
entouré,surrounded


éteindre,to turn off
le fauteuil,armchair
la feuille,leaf
la fontaine,fountain
la forêt,forest
le grenier,attic
la haie,hedge
l' herbe (f),grass
l' horloge (f),clock
l' inondation (f),flood
le jardin zoologique,zoo
le jour de l'an,New Year's Day
jumelé,twinned
les lits superposés (m),bunk beds
la moquette,carpet
le palais,palace
pittoresque,picturesque
le robinet,tap
la Saint-Sylvestre,New Year's Eve
sans intérêt,uninteresting
spacieux,spacious

le tiroir,drawer
la Toussaint,All Saints' Day
le volet,shutter
augmenter,to increase
le charbon,coal
la consommation (modérée),(moderate) consumption
construire,to build
la couche d'ozone,ozone layer
croire,to believe
le déboisement,deforestation
les détritus (m),rubbish
détruire,to destroy
disparaître,to disappear
l' effet de serre (m),greenhouse effect
l' emballage (m),packaging
l' embouteillage (m),traffic jam
endommager,to damage
le gaz carbonique,carbon dioxide
le gaz d'échappement,exhaust fumes
la guerre,war
les heures d'affluence (f),rush hour
l' incendie (m),fire
la lumière,light
mondial,worldwide
les ordures (f),rubbish
la paix,peace
produire,to produce
ramasser,to collect
le réchauffement de la terre,global warming
renouvelable,renewable
surpeuplé,overpopulated
le tremblement de terre,earthquake
le trou d'ozone,hole in the ozone layer
la vague,wave
bien équipé,well equipped
le car de ramassage,school bus
la confiance,confidence
la connaissance,knowledge
couramment,fluently
le diplôme,diploma

échouer,to fail
empêcher,to prevent
enseigner,to teach
l' enthousiasme (m),enthusiasm
l' explication (f),explanation
la fac(ulté),university
frapper,to hit

l' instruction civique (f),citizenship
l' instruction religieuse (f),RE
les langues vivantes (f),modern foreign languages
la licence,degree
mal équipé,badly equipped
la maternelle,nursery school
mentir,to lie
permettre,to allow
les progrès (m),progress
redoubler,to retake a year at school
la retenue,detention

la salle d'informatique,computer room
la salle des professeurs,staff room
le souci,worry
surchargé,overloaded
la tâche,task
se taire,to be quiet
le thème,theme
traduire,to translate
le troisième âge,the retirement years
utiliser,to use
la victime,victim
améliorer,to improve
l' annuaire (m),directory



l' avocat (m),lawyer

le comptable,accountant
le contrat,contract
le cours professionnel,professional course
la demande d'emploi,job application
l' écrivain (m),writer
enrichissant,rewarding
l' entretien (m),interview
l' épreuve (f),test
la femme de ménage,cleaning lady
la foire d'exposition,trade fair
l' homme au foyer (m),house husband

l' interprète (m/f),interpreter
le jardinier,gardener
licencier,to make redundant
la loi,law

le mannequin,model

l' ouvrier (m),worker
le programme de formation,training programme
